mean_x,std_x,min_x,max_x,mean_y,std_y,min_y,max_y,speed_mean,speed_std,acc_mean,acc_std,dom_freq,speed_energy,label,start_row,end_row
437.4,13.003076559030173,414.0,450.0,392.76,7.374442351798541,381.0,401.0,42.1295384933083,40.46729526841217,-81.25,293.55046414543443,0.5,2531.115622155332,1,0,50
429.46,17.164160334837238,407.0,450.0,388.62,8.867671622246734,378.0,401.0,45.71946877985648,42.246066970639156,15.625,298.51520585223125,1.0,3994.7617379053813,1,25,75
424.94,16.186920646003056,406.0,447.0,386.46,7.75940719385186,378.0,399.0,54.301894625770444,47.41496852315441,59.375,419.1346181419521,1.0,3798.654461725618,1,50,100
430.42,16.1939371370893,406.0,447.0,389.78,8.227490504400476,378.0,399.0,51.73808841372664,48.90726129414123,-9.375,417.40689455853504,1.5,5505.112025677612,1,75,125
422.08,15.414071493281714,405.0,445.0,385.74,7.992021020993375,377.0,399.0,53.691688215924806,45.017525659724136,25.0,368.90886408434267,1.5,4779.484419973691,1,100,150
429.94,16.249812306608344,405.0,448.0,388.54,8.447982007556599,377.0,400.0,58.95412177435145,45.27042661401525,-56.25,374.68736968304654,1.0,3866.8246835953187,1,125,175
425.64,17.86366143879804,403.0,448.0,385.66,9.341541628660657,376.0,400.0,58.61378001721218,47.717133108495304,18.75,386.0861302870125,1.0,4773.334326687645,1,150,200
425.32,17.919196410553685,403.0,450.0,384.5,8.193289937503737,376.0,398.0,68.17105817048969,57.84856807143727,-28.125,464.23870812869535,1.0,7006.2974613552105,1,175,225
432.42,16.301030642263086,406.0,450.0,387.72,7.7305627220791635,377.0,398.0,68.12488360229366,54.71174676588146,-71.875,472.08190827969673,1.5,5540.545327958899,1,200,250
424.66,18.670415099831068,402.0,450.0,385.48,7.692177845057927,377.0,399.0,59.73502778382226,48.674700365446355,43.75,428.5239929105487,1.0,4847.906718858234,1,225,275
425.18,18.882468059022372,402.0,450.0,386.14,7.701973773001307,378.0,399.0,57.37529358091813,48.431143766211584,3.125,379.5170656571322,1.0,4163.138075799388,1,250,300
430.76,16.890896956645022,404.0,449.0,387.94,8.23749962063732,378.0,399.0,53.67182606875489,39.49633003767973,-40.625,279.1763835373616,1.0,3669.361728704717,1,275,325
423.6,16.74037036627326,405.0,448.0,386.32,7.173395290934412,379.0,399.0,40.906874547279216,33.84342794063805,40.625,227.09527873780203,1.0,2702.574536582597,1,300,350
428.38,18.7668750728511,405.0,452.0,389.14,7.861323043864817,379.0,401.0,41.04012298580035,31.075847620143545,-21.875,218.77232028983923,1.0,2161.559056248279,1,325,375
429.9,18.46104005737488,402.0,452.0,388.2,8.809086218218097,377.0,401.0,64.94396203490324,42.548875369497715,28.125,297.59780430137585,1.0,4208.868398547837,1,350,400
431.88,19.84503968250001,402.0,453.0,388.3,8.67928568489366,377.0,400.0,61.33957971339643,43.156181024088376,-3.125,344.4453194993365,1.0,3662.067869766031,1,375,425
430.7,20.887556104053917,399.0,453.0,388.1,8.820997676000147,375.0,400.0,63.09604378123449,44.231089282952766,-3.125,379.5170656571322,1.0,5181.616007048674,1,400,450
428.12,18.60928800357499,399.0,449.0,387.48,8.64,375.0,400.0,64.66836416126624,44.18571801731705,40.625,327.46958351120185,1.0,3220.702022839224,1,425,475
429.1,17.40718242565407,401.0,449.0,387.24,8.86918260044295,375.0,400.0,61.45126588154666,37.064024627062004,9.375,295.49019125006504,1.0,1777.1488735532773,1,450,500
431.36,19.29016329635392,401.0,451.0,388.76,9.780715720232338,375.0,401.0,55.92950095956942,41.68352099347562,-21.875,357.68624956098046,1.0,5188.381689831531,1,475,525
432.16,19.336349190061707,404.0,451.0,389.2,9.353074360871938,376.0,401.0,53.2733010307026,44.610317161976575,-40.625,328.9572778112684,1.0,5409.263387336283,1,500,550
428.56,17.996844167797864,404.0,450.0,387.82,9.90492806637181,376.0,403.0,55.61854998100817,44.020755309400315,50.0,262.2766907294661,1.0,2242.9109212573003,1,525,575
434.42,15.801379686596992,409.0,450.0,390.16,9.861764547990386,378.0,403.0,53.296003450650424,39.8062308714133,-15.625,288.53414550967796,1.0,3235.0468255637543,1,550,600
434.68,16.664261159739425,409.0,453.0,388.12,9.311584183155947,377.0,401.0,54.43713467990276,37.27899365382772,-18.75,295.87000946361565,1.0,2067.1915599284325,1,575,625
435.72,16.977679464520467,406.0,453.0,387.7,10.520931517693668,373.0,401.0,53.30913285848114,37.60832825155628,-21.875,235.95302101265835,1.0,3431.2715072318447,1,600,650
431.4,18.101933598375616,406.0,457.0,386.0,10.235233265539188,373.0,402.0,58.082130761355536,32.8095426091373,-3.125,269.71121709154033,1.0,1800.5279041714732,1,625,675
431.12,19.14851430268155,407.0,457.0,386.08,8.666810255220774,374.0,402.0,62.19984641840737,35.22150061434827,-15.625,301.768873684812,1.0,2324.250378548477,1,650,700
431.24,18.90773386738876,407.0,457.0,386.18,8.568990605666457,376.0,401.0,61.59154604564002,41.19595193350681,-18.75,344.65789197405593,1.0,2860.8642252941963,1,675,725
434.62,17.121787289883027,409.0,454.0,387.04,9.626962137663158,375.0,401.0,58.86584366299192,41.68857697072658,15.625,326.63351500573236,1.0,4761.69584704649,1,700,750
428.96,14.745792620269688,412.0,454.0,383.88,7.575328375720753,375.0,400.0,51.23627461123316,36.56971648731097,25.0,271.2816801776338,0.5,2180.797205494509,1,725,775
434.98,14.554023498675546,414.0,451.0,388.2,8.414273587185052,378.0,400.0,44.74529241909418,35.28078522836126,-65.625,261.62428332438867,1.0,2017.7977739219762,1,750,800
428.3,19.44350791395421,406.0,451.0,387.26,8.88326516546703,376.0,400.0,41.54833145425979,35.02657781409664,18.75,290.8769069555024,1.0,4485.345992137317,1,775,825
425.18,17.447853736204923,406.0,447.0,386.4,8.843076387773658,376.0,399.0,38.589376441199136,40.90672348012519,50.0,275.0,1.0,3963.669217035561,1,800,850
432.06,15.881322363077956,406.0,447.0,389.72,8.411991440794504,376.0,399.0,54.80388494494737,44.54249875053006,-37.5,335.9338662594172,0.5,4496.107765005249,1,825,875
416.62,13.027494003069046,406.0,447.0,386.5,6.697014260101288,376.0,398.0,44.527514892651716,34.800149676182144,12.5,257.390753524675,0.5,1966.029976666818,1,850,900
424.12,16.933564302886737,409.0,450.0,387.42,7.102365803026482,376.0,397.0,35.03351086533416,28.627401496617072,3.125,198.84922837416292,0.5,1840.431866454529,1,875,925
431.16,17.44174303216281,403.0,450.0,386.22,7.6348935814456516,375.0,397.0,53.604315879727984,38.790492637582496,-15.625,290.22149407822985,1.0,3345.2990203844624,1,900,950
417.78,15.277813979755088,403.0,449.0,383.06,5.017608992338881,375.0,397.0,46.58448548983526,35.51247262085997,43.75,279.578365579313,0.5,2372.366673838481,1,925,975
428.68,18.316593569766187,405.0,451.0,388.56,7.777300302804309,379.0,400.0,39.98364643690227,31.295894580740008,-40.625,218.3254809338571,1.0,1934.7161239884497,1,950,1000
428.94,18.854612167849012,403.0,451.0,387.5,8.920201791439473,374.0,400.0,49.4238626800441,30.737303033677893,-40.625,224.93488641160135,1.0,2088.0236591964153,1,975,1025
421.96,16.36699117125686,403.0,449.0,382.66,7.273541090830518,374.0,399.0,52.32657920583494,24.09728425809602,21.875,209.65466397149385,0.5,929.7226106150964,1,1000,1050
430.7,17.094151046483706,401.0,449.0,386.98,8.477004187801255,376.0,399.0,56.428579251671465,36.23107014204566,6.25,291.41358067186917,1.0,3132.0283457157084,1,1025,1075
425.76,18.614574934711776,401.0,451.0,386.52,7.846629849814505,377.0,400.0,59.9190095838416,45.45285789135266,0.0,349.38562148434215,1.0,3137.3352366252457,1,1050,1100
432.5,17.96023385148423,403.0,451.0,389.54,9.095515378470866,377.0,401.0,54.435708214101794,45.78349780465851,-62.5,277.7560755411121,1.0,5571.225852945785,1,1075,1125
427.46,18.446907599920372,403.0,450.0,388.52,8.528165101591314,376.0,401.0,52.175137144073915,39.8388009859368,50.0,230.57333432120896,1.0,2787.502563890938,1,1100,1150
428.1,19.136614120580475,403.0,453.0,388.9,8.595929269136642,376.0,403.0,65.48889134591309,43.966806914798696,-28.125,312.0152490263897,1.0,3101.487304531923,1,1125,1175
426.06,21.376070733415904,396.0,453.0,390.32,7.7186527321806615,380.0,403.0,70.10114445828158,41.77564536472343,-3.125,370.4014924713452,1.0,4462.071395423375,1,1150,1200
423.24,18.149997245178852,396.0,446.0,389.84,7.2148735262650305,379.0,400.0,59.0877601921082,35.52128369695996,12.5,329.0018047062964,1.0,3777.5424727922446,1,1175,1225
427.2,15.312739794040777,404.0,446.0,387.4,8.758995376183275,377.0,400.0,56.430997893107005,36.313461371620214,-3.125,297.26947476153686,1.0,1536.8920028537239,1,1200,1250
427.72,17.668095539700932,404.0,452.0,385.16,7.590415008416865,377.0,399.0,62.438730512534,34.885956085266685,31.25,302.97999108852053,1.0,2851.2353396182652,1,1225,1275
427.26,16.975052282688264,407.0,452.0,384.58,7.73327873543945,377.0,399.0,50.22356715749992,36.30727615748798,21.875,261.47493307198687,1.0,2798.9580041237878,1,1250,1300
428.74,15.332070962528187,407.0,444.0,388.56,9.447031279719571,377.0,400.0,35.68173348966946,35.24824669642734,-12.5,249.68730444297725,1.0,4007.134940503485,1,1275,1325
426.28,17.828112631459337,401.0,444.0,393.94,7.314123324090181,379.0,400.0,47.29168666413365,41.31883798537181,-31.25,324.7595264191645,0.5,4473.94874121429,1,1300,1350
408.18,7.092785066530638,401.0,435.0,394.38,7.149517466235047,379.0,399.0,34.7827596185899,43.36801394248291,37.5,289.0582769961794,0.5,1594.1766466266668,0,1325,1375
406.48,0.4995998398718719,406.0,407.0,398.58,0.532541078227774,397.0,399.0,4.092907722902811,8.031071309097095,0.0,103.64452469860625,3.5,96.37983650397103,0,1350,1400
406.44,0.4963869458396343,406.0,407.0,398.62,0.48538644398046393,398.0,399.0,5.181980515339465,7.375437474390393,-3.125,130.69077291454053,4.0,95.74489752236538,0,1375,1425
406.6,0.4898979485566357,406.0,407.0,398.38,0.48538644398046393,398.0,399.0,5.285533905932738,7.917583679964198,15.625,133.50005852058644,5.5,134.96347787599126,0,1400,1450
406.36,1.3380582946942186,401.0,407.0,397.96,0.6916646586316233,395.0,399.0,5.5644951022459805,10.014309474800571,-12.5,92.91292967074065,0.5,70.9800802377778,0,1425,1475
403.46,2.7800000000000002,400.0,407.0,396.68,1.2874781551544865,394.0,399.0,7.019958706027654,10.342638916914124,0.0,121.03072956898178,0.5,373.26826621128964,0,1450,1500
400.94,0.4651881339845203,400.0,402.0,395.92,0.6584831053261732,394.0,397.0,6.164213562373095,8.0701593018636,0.0,108.25317547305482,2.0,77.78418165532338,0,1475,1525
400.7,0.458257569495584,400.0,401.0,396.26,0.48207883172775795,395.0,397.0,4.853553390593274,6.2404342384693505,0.0,98.82117688026186,3.0,90.91699887566797,0,1500,1550
400.26,0.4386342439892261,400.0,401.0,396.14,0.4004996878900157,395.0,397.0,2.5606601717798214,6.591131881904697,-15.625,78.125,1.5,38.89157595422891,0,1525,1575
400.5,0.6403124237432849,400.0,402.0,396.6,0.848528137423857,395.0,398.0,4.207106781186548,6.2088849668595225,0.0,76.54655446197431,0.5,80.9590786780027,0,1550,1600
401.0,0.4,400.0,402.0,397.6,0.66332495807108,396.0,398.0,4.207106781186548,6.2088849668595225,0.0,76.54655446197431,0.5,72.44307170128172,0,1575,1625
401.0,0.0,401.0,401.0,397.98,0.14,397.0,398.0,0.5,2.449489742783178,0.0,0.0,0.5,1.1437541746481266,0,1600,1650
401.06,0.23748684174075835,401.0,402.0,397.84,0.36660605559646714,397.0,398.0,2.0606601717798214,5.19650648574986,0.0,98.82117688026186,0.5,16.649578695471593,0,1625,1675
401.2,0.4,401.0,402.0,397.54,0.4983974317750845,397.0,398.0,4.060660171779821,6.305635492900067,0.0,116.92679333668566,0.5,114.14082472942077,0,1650,1700
401.14,0.34698703145794946,401.0,402.0,397.2,0.4,397.0,398.0,2.25,5.414101956926928,3.125,73.22109071162488,0.5,15.698006565487397,0,1675,1725
401.0,0.0,401.0,401.0,397.0,0.0,397.0,397.0,0.0,0.0,0.0,0.0,0.0,0.0,0,1700,1750
401.04,0.19595917942265423,401.0,402.0,395.08,6.424453284132432,364.0,397.0,18.555742198184294,51.229234148818996,0.0,76.54655446197431,0.0,714.998249855779,0,1725,1775
402.5,3.9862262855989496,398.0,413.0,363.76,34.770424213690575,312.0,397.0,81.6928684580119,95.98841202510835,0.0,159.34435979977454,1.0,19894.764202883576,0,1750,1800
408.6,5.986651818838307,398.0,414.0,360.08,31.129946996421307,312.0,387.0,66.47162374368186,91.73820489239142,9.375,154.39524158794532,1.0,18065.66177080338,0,1775,1825
411.1,3.2264531609803355,405.0,414.0,390.08,5.53476286754907,382.0,399.0,12.430205287224517,15.36603385774793,0.0,116.92679333668566,0.5,435.50348283590466,0,1800,1850
407.14,3.549704213029587,396.0,414.0,396.56,4.481785358537376,386.0,400.0,18.685219923211402,25.265837734403817,-40.625,155.6551175676534,0.5,508.87141238409333,0,1825,1875
400.24,5.808820878629328,391.0,407.0,395.24,4.847927392195556,387.0,400.0,20.875533979714618,23.753148866240455,3.125,178.125,2.0,2076.391278629834,0,1850,1900
396.26,2.2698898651696737,391.0,399.0,395.72,4.878688348316584,387.0,401.0,16.236898477828106,11.26890091449487,15.625,174.69281074217108,0.5,292.0255505616961,0,1875,1925
397.22,1.2048236385463227,393.0,398.0,398.1,6.360031446463139,368.0,401.0,24.51304408059335,45.267103617338805,-18.75,155.1209205748857,0.0,624.5260447613207,0,1900,1950
395.4,1.9999999999999998,393.0,398.0,361.72,36.096005319148546,321.0,401.0,43.39426668616709,64.40642529103604,6.25,149.73935688388676,1.0,16776.08630491381,0,1925,1975
393.48,0.5381449618829484,392.0,394.0,326.24,7.6669681100158495,321.0,361.0,27.736266424348123,52.40538641053588,3.125,134.375,0.0,844.2037910086831,0,1950,2000
394.04,1.1306635220082055,392.0,396.0,326.04,1.3410443691392169,322.0,328.0,8.724873734152915,7.211211987113439,-3.125,118.95541444171425,1.0,91.43538315204304,0,1975,2025
395.84,1.2705904139414872,393.0,398.0,326.74,0.626418390534633,326.0,328.0,6.974873734152916,7.165970722283462,0.0,116.92679333668566,1.5,89.48255457088423,0,2000,2050
397.4,0.7745966692414834,396.0,398.0,327.4,0.7211102550927979,326.0,329.0,5.414213562373095,6.75916352080753,0.0,88.38834764831844,5.0,102.14588514517938,0,2025,2075
396.14,2.2716513817045083,393.0,398.0,329.62,2.505114767830009,327.0,334.0,7.076783947341316,7.494606658301171,0.0,54.12658773652741,0.5,133.07412157574308,0,2050,2100
393.5,1.5524174696260025,392.0,398.0,333.4,2.756809750418044,327.0,338.0,8.43033733793459,8.150424060662484,0.0,69.87712429686843,0.5,109.0337122566381,0,2075,2125
395.52,3.5453631689856544,392.0,402.0,358.14,26.634571518986373,334.0,397.0,33.843597741509825,51.24925259855866,15.625,147.40595518838444,0.5,8814.031387018285,0,2100,2150
400.12,2.811689883326396,392.0,402.0,389.7,16.5072711251739,340.0,400.0,33.38796210504185,51.36505608360891,-15.625,160.10860571811872,0.5,1553.6224782580866,0,2125,2175
402.28,0.530659966456864,401.0,403.0,399.0,0.7483314773547883,397.0,400.0,4.267766952966369,6.654785138166984,0.0,98.82117688026186,3.0,93.5742476499203,0,2150,2200
402.16,0.6740919818541087,401.0,403.0,400.06,0.7851114570556209,399.0,401.0,3.914213562373095,6.397572366775895,0.0,76.54655446197431,2.0,88.2104324545582,0,2175,2225
402.26,0.9123595782365636,401.0,404.0,400.28,0.7222188034107115,399.0,401.0,4.974873734152917,7.088767969769881,0.0,108.25317547305482,0.5,74.2295867897386,0,2200,2250
403.42,1.2014990636700473,402.0,406.0,399.46,0.72691127381545,398.0,401.0,6.57842712474619,7.736232711365628,0.0,116.92679333668566,2.0,124.3357399626691,0,2225,2275
405.2,1.5874507866387544,402.0,407.0,398.96,0.44542114902640173,398.0,400.0,6.26776695296637,6.943709197777704,0.0,103.64452469860625,1.0,95.95545840045894,0,2250,2300
401.26,8.50366979603512,380.0,407.0,395.06,7.226091613036746,376.0,400.0,23.54540738719119,34.8477228950645,15.625,246.55834121967968,0.5,971.5036519872871,0,2275,2325
389.68,9.339036352857827,380.0,405.0,391.28,6.180744291749983,376.0,399.0,30.891037319480755,37.568188848099226,-15.625,267.4569182597452,0.5,4377.255844639422,0,2300,2350
391.02,10.094533173951136,382.0,406.0,388.7,3.976179070414209,377.0,392.0,28.62123521135879,33.48805600473213,-15.625,221.522607480591,1.0,2734.611047603581,0,2325,2375
402.88,7.612200733033779,382.0,408.0,388.34,3.782115809966691,377.0,394.0,26.301027827854792,31.654477332573475,18.75,222.38058593321495,0.5,1026.4827822910609,0,2350,2400
406.5,0.7,405.0,408.0,394.5,4.153311931459037,388.0,400.0,10.56816935862237,11.076497479233915,0.0,165.3594569415369,1.0,419.03678650274264,0,2375,2425
406.0,0.6633249580710799,405.0,407.0,399.34,1.4643770006388384,394.0,401.0,7.781566924756507,9.782495397164038,15.625,144.05538214520138,1.0,97.10112485282082,0,2400,2450
406.9,3.8065732621348563,401.0,415.0,383.04,30.474881459982747,304.0,401.0,53.92745844327787,71.83717161643084,-28.125,237.35604189697804,0.5,6285.038827482229,0,2425,2475
404.54,5.196960650226246,398.0,415.0,335.94,39.49552379700768,297.0,401.0,76.02868892689459,61.70201341980257,15.625,271.083618326523,0.5,8152.318890226668,0,2450,2500
402.6,3.0789608636681307,396.0,409.0,327.78,22.90003493447117,297.0,355.0,43.0149562838707,26.333695826767105,34.375,214.89914058692742,1.0,2601.218497775633,0,2475,2525
404.26,4.603520392047808,394.0,410.0,358.28,14.416712524011846,333.0,381.0,45.51767836510576,43.33752365157456,-25.0,234.60405473904325,0.5,3955.5303684204855,0,2500,2550
395.2,13.425349157470729,369.0,410.0,367.82,15.253445512408009,337.0,382.0,61.49587585771656,45.34045933261278,59.375,281.0589628974675,0.5,2825.358093886099,0,2525,2575
388.14,9.965962070969365,369.0,405.0,372.78,21.9018629344629,334.0,403.0,74.11057902293236,59.172392860908516,12.5,312.2498999199199,1.5,9340.218906011209,0,2550,2600
392.98,4.933518014561212,376.0,396.0,390.16,22.734432036010926,334.0,404.0,42.93094336568118,65.76993311333588,-43.75,281.3194358731725,0.5,3107.2508120908483,0,2575,2625
395.98,0.8121576201698779,394.0,397.0,403.26,0.5219195340279955,402.0,404.0,6.664213562373095,7.2431524625043275,12.5,128.23927830426993,7.0,102.88499051293647,0,2600,2650
396.62,0.6289674077406555,395.0,397.0,402.6,0.8,401.0,404.0,6.224873734152916,7.6240374470390115,-15.625,100.04881620988826,1.0,107.30509990829827,0,2625,2675
397.02,2.7963547700533278,394.0,406.0,395.34,10.81963030791718,371.0,403.0,21.173108553907,27.073039618123232,-3.125,105.92782035423933,0.5,914.3416400864056,0,2650,2700
405.76,9.142341056862842,394.0,416.0,385.78,9.592267719366468,371.0,401.0,28.431838034478034,28.90295116387267,15.625,122.03515118604147,0.5,1553.615140041236,0,2675,2725
415.04,1.9995999599919978,407.0,416.0,386.4,4.955804677345546,372.0,392.0,16.02882023730876,18.352845060100112,-34.375,137.25119534998592,0.5,213.52602978356074,0,2700,2750
415.88,0.3249615361854384,415.0,416.0,388.28,2.000399960007998,385.0,392.0,8.723230556748042,7.836150116850573,-15.625,89.75879135215669,0.5,119.0153184213944,0,2725,2775
415.04,1.0190191362285597,413.0,416.0,384.86,1.9184368636991942,382.0,387.0,7.414213562373095,6.7103976969716825,3.125,126.89962815154345,4.0,90.34222866780371,0,2750,2800
413.08,2.704366839021659,401.0,415.0,383.12,0.9086253353280438,381.0,386.0,16.052305388136766,18.417342146085993,-21.875,200.12203308231705,0.0,208.32567261678508,0,2775,2825
415.62,12.430430402846074,398.0,439.0,384.92,4.39017083950044,379.0,394.0,36.5153411592474,39.26359458867429,0.0,360.39258108346235,0.5,2061.054345364786,0,2800,2850
417.28,15.932407225526216,398.0,439.0,387.6,5.624944444170094,379.0,398.0,56.194062490852446,42.40845836356433,15.625,428.7632104378826,1.0,4506.1512568313,0,2825,2875
411.14,11.506537272350878,399.0,438.0,394.24,6.915374176427476,379.0,400.0,31.747162172547963,40.36852355474422,0.0,302.97999108852053,0.5,1609.4887157007754,0,2850,2900
406.46,1.0432641084595982,404.0,409.0,396.68,3.93669912490147,389.0,400.0,11.87461175370661,17.128006179901174,-31.25,214.23920626253263,0.5,666.8772062625038,0,2875,2925
406.92,2.0960916010518242,404.0,412.0,389.7,4.729693436154187,381.0,400.0,19.695142667160326,15.699565450043544,-50.0,258.52647349933045,0.5,304.0901322622077,0,2900,2950
410.4,3.1559467676119,405.0,414.0,386.42,2.088923167567443,381.0,391.0,12.615615885328452,10.907393631562421,0.0,159.34435979977454,0.5,243.90031259235295,0,2925,2975
413.84,1.2387090053761618,411.0,415.0,387.24,1.068831137270991,385.0,390.0,7.576783947341316,7.832135405833517,0.0,143.20549046737,1.5,98.25981912909818,0,2950,3000
408.12,13.729734156202733,372.0,415.0,390.32,7.637905472051877,383.0,420.0,41.36020851930314,57.94897023450687,15.625,413.69382171480396,0.5,2448.6548378309008,0,2975,3025
387.76,18.28065644335564,372.0,415.0,406.5,15.252868582663394,383.0,420.0,35.64816052865733,60.03506184658327,0.0,389.0593624371479,0.5,11643.09359994295,0,3000,3050
375.54,4.119271780302921,374.0,392.0,417.6,6.884765791223402,389.0,420.0,19.508405610961535,45.525235974327515,40.625,253.51050890446336,0.5,857.6765551940996,0,3025,3075
397.5,24.092529962625346,374.0,450.0,399.78,17.12809388110656,380.0,420.0,54.22607974258651,50.62269526359348,9.375,359.5923255924687,1.0,5269.285947875847,0,3050,3100
422.58,19.443343333902224,395.0,450.0,387.12,6.987531753058443,380.0,400.0,64.05328396920687,45.93121828081795,-12.5,419.0763653560052,1.5,4487.879786645393,1,3075,3125
427.36,19.13505683294408,401.0,450.0,390.3,8.178630692236935,380.0,401.0,57.52672637655872,50.990692801692184,0.0,378.8861141556919,1.0,4149.0962664599565,1,3100,3150
422.96,18.481298655668112,400.0,447.0,388.44,8.908782183890231,377.0,401.0,58.42637490526174,47.81588350569089,9.375,352.73761937876714,1.0,5387.207295941606,1,3125,3175
426.66,17.467237904145005,400.0,446.0,389.94,8.640393509557306,377.0,401.0,66.22154244999315,47.752825210072686,-71.875,420.6695741612412,1.0,4210.26731948258,1,3150,3200
424.02,16.210478092887946,400.0,446.0,388.98,7.484624239065045,379.0,401.0,74.85487607201213,46.56847139689797,9.375,419.73996786701167,1.0,4762.051753155178,1,3175,3225
428.56,18.200175823326543,400.0,449.0,390.26,7.832777285229039,379.0,401.0,63.88950065387018,47.16335130373076,12.5,377.3882284862632,1.0,4426.647541598233,1,3200,3250
428.1,17.11636643683466,405.0,449.0,390.64,7.279450528714375,380.0,401.0,47.284376044115476,38.50893119938125,-6.25,352.11415052508187,1.0,4786.332285186582,1,3225,3275
427.48,16.759761334816197,405.0,449.0,390.6,7.107742257566744,380.0,401.0,54.71949722956204,44.259480599572704,-12.5,339.2316686277978,1.0,2704.7277794976644,1,3250,3300
424.28,19.380443751369572,403.0,449.0,391.16,6.847948597937925,380.0,401.0,46.07240804223682,43.72308563207349,-37.5,313.37377841804187,1.0,5795.476517461057,1,3275,3325
406.9,2.2737634001804143,403.0,416.0,388.42,3.4761472926215315,380.0,392.0,18.400585155340174,23.495605247387754,50.0,180.710403685012,0.5,305.5136182891102,0,3300,3350
408.38,1.12942463227964,407.0,414.0,389.0,3.730951621235526,379.0,392.0,15.24473906231272,16.166259026812504,12.5,124.3734296383275,0.5,241.6079114702071,0,3325,3375
424.46,17.21302994826884,408.0,447.0,391.18,7.064531123860945,379.0,401.0,32.59742603017372,34.00232074737477,-15.625,217.0694373351532,0.5,3527.682354408566,0,3350,3400
439.94,9.39448774548139,415.0,447.0,395.26,6.411895195650035,381.0,401.0,41.74697354225902,43.312125323769614,-87.5,223.51943427809582,0.5,2392.829572241114,1,3375,3425
428.38,17.5110136771119,399.0,447.0,390.1,7.507995737878386,380.0,400.0,56.63486799866168,40.17918275393573,9.375,293.8330999479126,1.0,2966.7752326050268,1,3400,3450
425.46,18.31415845732476,399.0,448.0,386.72,7.4539653876309355,376.0,398.0,61.0324472370612,41.9081183573701,50.0,355.5365663331973,1.0,3902.4102982839863,1,3425,3475
433.02,16.459027917832813,407.0,450.0,387.92,9.061655477891444,376.0,398.0,51.67096313204336,48.690210196784065,15.625,371.4020101251473,1.5,4450.44373674246,1,3450,3500
426.92,18.83808907506279,400.0,450.0,387.1,7.800640999302558,376.0,398.0,58.57960412131046,48.60226312622228,43.75,402.67659169611534,1.0,5607.53146422805,1,3475,3525
431.4,18.25705343148231,400.0,449.0,390.72,7.093771916265704,382.0,399.0,56.94089740878419,47.317905725869934,-28.125,355.87974180191827,1.5,3319.137193420374,1,3500,3550
427.68,17.521917703265245,401.0,448.0,388.96,7.0482905728978,381.0,399.0,61.575428964935185,45.9520570571571,0.0,338.020432074749,1.0,5939.8450194752995,1,3525,3575
429.44,17.46786764318988,401.0,447.0,390.1,7.34914961066925,381.0,400.0,55.21682757385832,44.73367805891663,6.25,317.0912723491455,1.0,2425.6338516256737,1,3550,3600
430.56,16.35134245253276,402.0,447.0,389.34,8.113223773568679,379.0,400.0,57.19573614713379,43.23508721614253,-3.125,331.44157196254065,1.0,5470.75808446157,1,3575,3625
427.6,15.70732313285749,402.0,446.0,387.84,7.502959416123748,379.0,399.0,70.33537765939019,47.923737849952325,-12.5,360.17573835559773,1.0,2914.980607162561,1,3600,3650
429.52,17.75526964030679,399.0,447.0,390.1,7.321885003194191,380.0,399.0,61.64467152364501,48.861380176391975,-40.625,431.66872787474426,1.5,4890.6636557471165,1,3625,3675
430.78,17.84409145907967,399.0,447.0,391.0,7.66550715869472,380.0,399.0,50.46273614181966,48.73794477695063,-18.75,357.1808015557387,0.5,5397.452439978196,1,3650,3700
431.22,15.90382343966381,405.0,447.0,389.98,7.336184294304499,381.0,399.0,49.85628144860574,42.411392338821074,-3.125,316.3667027754343,1.0,3695.545383075496,1,3675,3725
429.36,16.010946255609003,405.0,447.0,386.54,6.732636927682941,376.0,396.0,57.25212978927047,39.334382346651,6.25,336.5147656492951,1.0,3806.6555486657403,1,3700,3750
429.98,15.935482421313765,405.0,446.0,387.44,7.362499575551771,376.0,398.0,51.00549733506277,41.514325739471005,0.0,296.46353064078556,1.0,3242.2807070559224,1,3725,3775
431.66,14.659618003208678,405.0,444.0,391.56,7.422021288031988,380.0,399.0,37.799816552417305,37.281682749087366,-21.875,286.42802870005585,0.5,2836.560242286735,1,3750,3800
427.74,13.756176794444016,409.0,443.0,388.72,8.926455063461644,375.0,399.0,28.582476346765002,27.18992544834611,0.0,225.34695471649934,1.0,2158.6466795911797,1,3775,3825
411.82,4.311333900314379,409.0,425.0,383.94,4.2304136913545465,375.0,389.0,19.383536458459865,20.137738561307156,40.625,179.00004364524608,1.0,933.8706269104567,0,3800,3850
409.18,0.3841874542459709,409.0,410.0,388.72,1.6129476122924762,386.0,391.0,6.974873734152916,7.165970722283462,-3.125,118.95541444171425,5.5,89.0971301130627,0,3825,3875
408.22,1.46,405.0,410.0,390.8,1.6492422502470643,387.0,394.0,13.539368836398896,9.575254122578178,3.125,198.84922837416292,0.5,179.94790584956422,0,3850,3900
406.54,1.0041912168506553,405.0,409.0,392.28,1.7092688495377197,387.0,394.0,10.151924717277758,10.609591157755558,0.0,149.8697351035225,0.5,160.93030408869404,0,3875,3925
406.02,0.13999999999999999,406.0,407.0,393.48,0.4995998398718719,393.0,394.0,3.5,5.612486080160912,0.0,54.12658773652741,1.0,70.49659932012096,0,3900,3950
406.12,0.3249615361854384,406.0,407.0,393.68,0.46647615158762407,393.0,394.0,5.25,6.656763477847174,0.0,125.0,1.0,77.35551483115803,0,3925,3975
406.4,0.5656854249492381,406.0,408.0,393.34,0.4737087712930805,393.0,394.0,4.957106781186548,6.877651660262705,-15.625,150.68204314051493,0.5,55.199366055207,0,3950,4000
411.62,10.633701143063972,406.0,448.0,386.48,11.638281660107733,351.0,394.0,35.4672354279039,48.97269862996769,34.375,200.8040478302168,0.5,1605.0814968057798,0,3975,4025
438.02,23.40469183732185,407.0,461.0,370.04,13.690814438885658,351.0,394.0,45.007124415811134,48.04928461298563,15.625,232.28232417685166,0.5,7700.271589751614,0,4000,4050
456.2,7.828154316312371,433.0,461.0,358.22,4.124512092357107,348.0,362.0,31.032619069991142,34.9478404720066,-31.25,200.09763241977652,0.5,1265.4136058709457,0,4025,4075
431.0,23.558437978779494,403.0,461.0,373.54,19.10414614684467,348.0,398.0,47.04792872559775,52.371198216491806,0.0,261.4562582918986,0.5,10493.601126106525,0,4050,4100
405.28,6.148300578208583,399.0,429.0,392.3,7.650490180374064,360.0,398.0,40.719168745922765,48.747556827404864,46.875,210.21287573552672,0.5,1407.9562096702853,0,4075,4125
404.04,3.643953896525037,399.0,415.0,389.8,5.786190456595773,381.0,398.0,26.593327941556243,18.84926812883842,28.125,161.44489191361862,1.0,689.4884040940466,0,4100,4150
420.7,15.465122049308246,402.0,442.0,389.2,6.4031242374328485,381.0,399.0,40.150396019468815,32.07133766277644,-53.125,226.66484757235736,1.0,1787.4698554679103,1,4125,4175
423.58,16.37081549587558,395.0,445.0,386.92,7.583772148475981,376.0,399.0,73.52794714464144,40.23233759918525,25.0,313.06199465920486,1.0,2994.511234979819,1,4150,4200
422.52,18.375244216064175,395.0,447.0,385.8,8.182909018191513,376.0,399.0,75.54469423409837,40.87938567391373,18.75,391.1121961790504,1.0,4820.617907476026,1,4175,4225
427.36,16.818751439985075,403.0,447.0,388.12,7.976565677031688,377.0,400.0,56.7070407779341,38.5267637650727,-12.5,327.51431266434753,1.0,3128.5410038247087,1,4200,4250
428.04,16.597541986691887,404.0,447.0,388.6,8.683317338436963,377.0,400.0,54.43552863399681,42.15920092147518,-18.75,304.00966267538274,1.0,3681.942396383499,1,4225,4275
427.08,16.55637641514592,403.0,446.0,387.72,9.01563087088197,377.0,400.0,51.82213029643356,42.375898946682696,3.125,306.96663601277584,1.0,3343.4269048509914,1,4250,4300
426.3,15.47029411485121,403.0,444.0,387.0,8.027452896155792,376.0,398.0,49.36376693832398,40.203774868273655,-21.875,270.65098027718284,1.0,3463.1263014929004,1,4275,4325
427.02,15.603191981130015,404.0,444.0,387.8,7.9473265945222105,376.0,399.0,52.76283023381424,39.33616333245652,-15.625,281.6836933956242,1.0,2542.2147291960755,1,4300,4350
422.52,16.212637046452375,403.0,444.0,387.32,7.4362356068107465,377.0,399.0,56.81613361020316,38.161524623467834,15.625,291.89908894170946,1.0,3558.873877191276,1,4325,4375
414.6,14.636939570825591,403.0,443.0,392.18,6.339369053778143,378.0,399.0,33.173474384152456,39.32423676670637,0.0,223.16963839196407,0.5,2018.2307136294307,0,4350,4400
405.82,0.3841874542459709,405.0,406.0,396.24,0.8845337754998392,393.0,397.0,4.103553390593274,6.984686791156097,0.0,44.19417382415922,1.0,66.59599224961798,0,4375,4425
406.0,0.0,406.0,406.0,396.96,0.19595917942265423,396.0,397.0,1.0,3.391164991562634,0.0,0.0,0.5,2.6447802438482237,0,4400,4450
406.0,0.0,406.0,406.0,397.0,0.0,397.0,397.0,0.0,0.0,0.0,0.0,0.0,0.0,0,4425,4475
406.0,0.0,406.0,406.0,397.0,0.0,397.0,397.0,0.0,0.0,0.0,0.0,0.0,0.0,0,4450,4500
406.0,0.0,406.0,406.0,397.14,0.34698703145794946,397.0,398.0,1.25,4.5069390943299865,0.0,0.0,0.5,4.9465100157625645,0,4475,4525
406.0,0.0,406.0,406.0,397.6,0.4898979485566357,397.0,398.0,1.5,4.06201920231798,0.0,0.0,0.5,68.08442410735795,0,4500,4550
405.68,0.46647615158762407,405.0,406.0,397.96,0.19595917942265423,397.0,398.0,2.0,4.58257569495584,-3.125,91.05501427708415,3.0,29.603208094156464,0,4525,4575
405.56,0.4963869458396343,405.0,406.0,397.64,0.48000000000000004,397.0,398.0,2.7071067811865475,5.492865634188935,0.0,108.25317547305482,3.0,91.18318346800508,0,4550,4600
405.88,0.3249615361854384,405.0,406.0,397.44,0.4963869458396343,397.0,398.0,2.4571067811865475,5.881124574930128,15.625,78.125,0.5,29.741636419997654,0,4575,4625
405.74,0.5936328831862332,405.0,407.0,398.0,0.6324555320336759,397.0,399.0,3.7071067811865475,6.021408416050244,0.0,76.54655446197431,6.0,69.64792895253788,0,4600,4650
406.68,1.3332666649999165,405.0,408.0,398.04,0.5986651818838307,397.0,399.0,4.207106781186548,6.208884966859522,0.0,76.54655446197431,4.0,81.38672056032347,0,4625,4675
407.94,0.23748684174075835,407.0,408.0,397.68,0.5075431016179808,396.0,398.0,3.75,6.25,0.0,44.19417382415922,4.5,60.01877439792545,0,4650,4700
415.92,14.29662897329297,404.0,447.0,392.76,6.742581108151388,378.0,400.0,35.25366206909566,36.66986924871706,0.0,223.16963839196407,0.5,1863.4333898066907,0,4675,4725
428.32,16.97697263943133,402.0,447.0,388.0,8.706319543871567,373.0,400.0,64.578164013686,35.0219321657368,-28.125,280.71128962868596,1.0,3813.201143450715,0,4700,4750
417.02,19.387098803070046,400.0,447.0,391.22,8.768785548751891,373.0,400.0,41.45363587703702,37.877712082094256,0.0,216.50635094610965,0.5,2685.882142303635,0,4725,4775
401.62,0.7180529228406497,400.0,402.0,396.88,4.44360214240654,383.0,400.0,11.603421339883203,16.48061325343032,31.25,159.34435979977454,0.5,262.5638112816214,0,4750,4800
402.1,0.3,402.0,403.0,399.9,0.6403124237432849,399.0,401.0,3.0,5.338539126015656,0.0,62.5,3.0,48.858899526615886,0,4775,4825
402.86,1.0584894897919392,402.0,405.0,399.96,0.63118935352238,399.0,401.0,5.723230556748042,7.398961548373224,0.0,128.8470508005519,4.0,104.4002310043523,0,4800,4850
404.08,1.0166612021711068,402.0,405.0,399.48,0.5381449618829484,399.0,401.0,4.68033733793459,7.90376128201854,3.125,126.89962815154345,0.5,86.57485715806605,0,4825,4875
404.34,0.4737087712930805,404.0,405.0,399.68,0.5075431016179809,399.0,401.0,2.0606601717798214,5.19650648574986,3.125,79.61087001785623,1.5,44.113084278970625,0,4850,4900
409.32,12.505102958392625,402.0,446.0,388.88,19.146425253816965,345.0,401.0,41.50704335430944,66.44294809822541,0.0,406.25,0.5,3895.705724563982,0,4875,4925
424.78,16.302502875325615,402.0,446.0,358.7,26.062425059844298,320.0,400.0,73.36448917020738,64.26625653322687,-3.125,562.9251865257052,1.0,9981.3984727157,0,4900,4950
429.72,9.927819498762052,407.0,445.0,348.78,17.16192296917802,320.0,383.0,63.90294088434728,40.24349818705645,-9.375,435.72183285325514,1.0,2880.7916780990577,0,4925,4975
413.66,12.527745208137016,399.0,434.0,374.52,20.480468744635704,332.0,399.0,45.3470206992335,28.4477189543079,18.75,233.10070248714396,0.5,1849.7915113949282,0,4950,5000
404.56,2.3508296407864178,399.0,407.0,395.2,4.774934554525329,386.0,400.0,16.62502322331573,13.527143187835808,31.25,171.16329922036442,0.5,170.24366869381453,0,4975,5025
412.1,13.315029102484154,401.0,445.0,395.9,5.397221507405454,381.0,400.0,36.51238962308606,42.953118676202756,0.0,307.77680630612826,0.5,2032.3177335257528,0,5000,5050
422.52,17.97358061155317,400.0,445.0,389.66,8.276738488076086,376.0,399.0,62.02695448271232,44.89049919080356,-6.25,390.2623316437291,1.0,4810.32346624223,1,5025,5075
428.12,17.593908036590392,400.0,446.0,387.92,9.478058872997149,376.0,400.0,56.81500404372907,44.51325999644431,-15.625,335.4829773997483,1.0,3377.7384714765476,1,5050,5100
421.04,18.919788582328295,398.0,446.0,386.54,8.173640559750595,376.0,400.0,64.08586315065426,48.24289734495239,56.25,393.75,1.0,5980.400388610131,1,5075,5125
426.8,19.71699774306423,398.0,449.0,388.0,7.647221717722064,377.0,399.0,73.0394899291071,52.97034935599216,-53.125,439.29320006688016,1.0,5110.545785375436,1,5100,5150
424.2,18.77658115845374,401.0,449.0,386.5,7.63740793725201,377.0,399.0,65.085912379092,53.80589196157945,0.0,407.45015032516557,1.0,5914.9308298681635,1,5125,5175
426.96,20.09473562901488,401.0,449.0,390.52,9.877732533329702,379.0,402.0,46.43024235635191,56.48988931419875,78.125,421.875,1.0,9333.549863628125,0,5150,5200
446.58,2.742918154083348,431.0,449.0,400.7,2.794637722496424,387.0,402.0,18.66293284663995,42.18791222094082,-75.0,290.2046691560975,0.0,489.8196546284528,0,5175,5225
447.0,0.0,447.0,447.0,401.2,0.4,401.0,402.0,2.25,5.414101956926928,0.0,0.0,0.5,24.824548305702123,0,5200,5250
446.92,0.2712931993250107,446.0,447.0,401.5,0.5,401.0,402.0,1.0,3.391164991562634,0.0,44.19417382415922,1.0,30.07103435161418,0,5225,5275
446.54,0.4983974317750845,446.0,447.0,402.0,0.0,402.0,402.0,1.0,3.391164991562634,0.0,62.5,1.0,26.492960140761657,0,5250,5300
446.62,0.48538644398046393,446.0,447.0,401.98,0.13999999999999999,401.0,402.0,1.25,4.5069390943299865,0.0,44.19417382415922,1.0,22.044003264851074,0,5275,5325
446.54,0.4983974317750845,446.0,447.0,402.1,0.3605551275463989,401.0,403.0,3.0,5.338539126015656,0.0,44.19417382415922,1.5,62.722557428864604,0,5300,5350
437.38,16.357126887078916,396.0,447.0,396.84,8.357894471695607,378.0,403.0,37.31629845137716,50.1684050961135,-3.125,288.9400078303453,0.5,3079.355851613719,0,5325,5375
404.96,28.23045164357099,371.0,446.0,402.84,14.76801950161226,378.0,424.0,58.17056168690162,46.776711652598806,0.0,375.0,0.5,3916.681082994329,0,5350,5400
375.8,8.660254037844387,365.0,396.0,412.02,8.164533054621067,393.0,424.0,41.90801266476763,29.15421881117167,-15.625,293.567097313374,1.5,1236.1841078193818,0,5375,5425
366.3,5.103920062069938,355.0,373.0,411.2,6.330876716537765,401.0,422.0,33.43153378620153,19.23103087985836,18.75,233.10070248714396,1.5,606.3177260353737,0,5400,5450
360.0,3.687817782917155,355.0,367.0,400.96,13.064394360244949,382.0,422.0,30.77220299542653,13.344344225486042,0.0,182.21724671391564,2.0,324.2944410868478,0,5425,5475
358.94,1.8374982993189408,355.0,361.0,393.22,5.26228087429776,382.0,399.0,19.84101180267432,13.58157761992834,0.0,125.0,0.5,188.54327669821862,0,5450,5500
360.56,0.4963869458396343,360.0,361.0,397.96,1.4136477637657834,393.0,399.0,6.457106781186548,7.837778512841168,0.0,44.19417382415922,2.0,96.22925169156498,0,5475,5525
361.0,0.0,361.0,361.0,398.9,0.3,398.0,399.0,1.0,3.391164991562634,0.0,0.0,0.5,3.9789614795683415,0,5500,5550
361.0,0.0,361.0,361.0,399.0,0.0,399.0,399.0,0.0,0.0,0.0,0.0,0.0,0.0,0,5525,5575
361.02,0.13999999999999999,361.0,362.0,399.0,0.0,399.0,399.0,0.5,2.449489742783178,0.0,54.12658773652741,0.0,0.658722426425163,0,5550,5600
361.02,0.14,361.0,362.0,399.06,0.23748684174075835,399.0,400.0,1.5,4.06201920231798,0.0,54.12658773652741,1.0,73.00605059130352,0,5575,5625
361.0,0.0,361.0,361.0,399.06,0.23748684174075835,399.0,400.0,1.0,3.391164991562634,0.0,0.0,0.0,2.1848830953878284,0,5600,5650
361.28,0.567097875150313,361.0,363.0,399.0,0.0,399.0,399.0,1.0,3.391164991562634,0.0,62.5,0.5,7.4562974112658615,0,5625,5675
362.28,0.8726969691708572,361.0,363.0,398.66,0.4737087712930805,398.0,399.0,3.25,6.025985396596975,0.0,62.5,3.5,57.20900582662674,0,5650,5700
362.38,0.7717512552629895,361.0,363.0,398.62,0.48538644398046393,398.0,399.0,4.5,6.0,0.0,88.38834764831844,2.5,85.22917138586833,0,5675,5725
361.4,0.6000000000000001,361.0,363.0,398.96,0.19595917942265423,398.0,399.0,3.5,6.6332495807108,0.0,173.9926363384382,0.5,37.18413802761468,0,5700,5750
361.5,0.5,361.0,362.0,399.0,0.0,399.0,399.0,1.0,3.391164991562634,0.0,76.54655446197431,1.0,54.919592968702695,0,5725,5775
361.96,0.19595917942265423,361.0,362.0,399.0,0.0,399.0,399.0,1.0,3.391164991562634,0.0,76.54655446197431,0.5,3.6711724413009796,0,5750,5800
361.92,0.2712931993250107,361.0,362.0,399.0,0.0,399.0,399.0,1.5,4.06201920231798,0.0,88.38834764831844,1.5,53.163716570881995,0,5775,5825
361.78,0.41424630354415953,361.0,362.0,399.0,0.0,399.0,399.0,3.5,5.612486080160912,0.0,136.21559198564606,1.5,55.5618010295874,0,5800,5850
361.84,0.36660605559646725,361.0,362.0,399.0,0.0,399.0,399.0,2.5,5.0,-3.125,122.99167908846516,0.5,49.2082419332601,0,5825,5875
362.0,0.0,362.0,362.0,399.0,0.0,399.0,399.0,0.0,0.0,0.0,0.0,0.0,0.0,0,5850,5900
362.0,0.0,362.0,362.0,399.24,0.42708313008125237,399.0,400.0,2.0,4.58257569495584,0.0,0.0,0.5,55.03860893250683,0,5875,5925
362.0,0.0,362.0,362.0,399.64,0.48,399.0,400.0,3.5,5.612486080160912,0.0,0.0,0.5,37.04136625804841,0,5900,5950
362.18,0.38418745424597095,362.0,363.0,399.54,0.4983974317750845,399.0,400.0,3.0,5.338539126015656,0.0,44.19417382415922,4.0,79.06484226462835,0,5925,5975
362.58,0.4935585071701227,362.0,363.0,398.96,0.7472616676907762,397.0,400.0,5.559016994374947,7.312477696119867,-3.125,85.52457614627505,0.5,69.11853404624969,0,5950,6000
363.76,1.6316862443496911,362.0,367.0,401.04,3.358332919768378,397.0,408.0,10.594562577552335,10.618627208369622,0.0,146.57549249448218,1.5,196.09042384356184,0,5975,6025
364.8,1.9078784028338913,361.0,367.0,404.04,2.9526936854336925,400.0,408.0,14.463559117340619,11.464312350036222,-18.75,215.69292408421748,1.0,245.93130684805803,0,6000,6050
363.96,1.6847551750922152,361.0,367.0,403.32,2.2310535627814945,400.0,408.0,9.23703052853818,10.412841447695902,0.0,156.25,0.5,308.29043623744366,0,6025,6075
363.06,0.23748684174075835,363.0,364.0,401.82,0.43312815655415426,401.0,403.0,4.707106781186548,6.351625441610015,0.0,93.75,0.5,61.72651072637321,0,6050,6100
363.22,0.41424630354415953,363.0,364.0,401.44,0.4963869458396343,401.0,402.0,5.707106781186548,6.513749472318882,0.0,128.8470508005519,1.0,84.090764690611,0,6075,6125
363.22,0.41424630354415953,363.0,364.0,401.12,0.3249615361854384,401.0,402.0,4.0,5.830951894845301,0.0,128.8470508005519,3.5,66.0698579093009,0,6100,6150
363.04,0.19595917942265423,363.0,364.0,401.24,0.4270831300812524,401.0,402.0,4.0,5.830951894845301,0.0,76.54655446197431,2.5,78.04253103843256,0,6125,6175
363.34,0.8151073548925932,362.0,366.0,402.28,1.2967652061957864,401.0,407.0,9.43033733793459,7.814648916794456,-3.125,126.89962815154345,0.5,109.36796402080222,0,6150,6200
366.08,3.5090739519138094,362.0,374.0,412.36,10.49525607119712,402.0,428.0,21.27527855185981,26.876802684485625,0.0,320.21721143623745,1.0,1558.0436049466225,0,6175,6225
371.24,3.6908535598151277,366.0,374.0,422.32,4.8556770897579264,407.0,428.0,15.344941213925221,29.082344801291026,0.0,296.46353064078556,0.5,1418.7106777835538,0,6200,6250
374.0,0.0,374.0,374.0,423.0,0.0,423.0,423.0,0.0,0.0,0.0,0.0,0.0,0.0,0,6225,6275
374.0,0.0,374.0,374.0,423.0,0.0,423.0,423.0,0.0,0.0,0.0,0.0,0.0,0.0,0,6250,6300
374.0,0.0,374.0,374.0,423.0,0.0,423.0,423.0,0.0,0.0,0.0,0.0,0.0,0.0,0,6275,6325
374.0,0.0,374.0,374.0,423.0,0.0,423.0,423.0,0.0,0.0,0.0,0.0,0.0,0.0,0,6300,6350
374.0,0.0,374.0,374.0,423.0,0.0,423.0,423.0,0.0,0.0,0.0,0.0,0.0,0.0,0,6325,6375
374.0,0.0,374.0,374.0,423.0,0.0,423.0,423.0,0.0,0.0,0.0,0.0,0.0,0.0,0,6350,6400
374.0,0.0,374.0,374.0,423.0,0.0,423.0,423.0,0.0,0.0,0.0,0.0,0.0,0.0,0,6375,6425
374.0,0.0,374.0,374.0,423.0,0.0,423.0,423.0,0.0,0.0,0.0,0.0,0.0,0.0,0,6400,6450
374.0,0.0,374.0,374.0,423.0,0.0,423.0,423.0,0.0,0.0,0.0,0.0,0.0,0.0,0,6425,6475
374.0,0.0,374.0,374.0,423.0,0.0,423.0,423.0,0.0,0.0,0.0,0.0,0.0,0.0,0,6450,6500
374.0,0.0,374.0,374.0,423.0,0.0,423.0,423.0,0.0,0.0,0.0,0.0,0.0,0.0,0,6475,6525
374.0,0.0,374.0,374.0,423.0,0.0,423.0,423.0,0.0,0.0,0.0,0.0,0.0,0.0,0,6500,6550
374.0,0.0,374.0,374.0,423.0,0.0,423.0,423.0,0.0,0.0,0.0,0.0,0.0,0.0,0,6525,6575
374.0,0.0,374.0,374.0,423.0,0.0,423.0,423.0,0.0,0.0,0.0,0.0,0.0,0.0,0,6550,6600
374.0,0.0,374.0,374.0,423.0,0.0,423.0,423.0,0.0,0.0,0.0,0.0,0.0,0.0,0,6575,6625
374.0,0.0,374.0,374.0,423.0,0.0,423.0,423.0,0.0,0.0,0.0,0.0,0.0,0.0,0,6600,6650
374.0,0.0,374.0,374.0,423.0,0.0,423.0,423.0,0.0,0.0,0.0,0.0,0.0,0.0,0,6625,6675
374.0,0.0,374.0,374.0,423.0,0.0,423.0,423.0,0.0,0.0,0.0,0.0,0.0,0.0,0,6650,6700
374.0,0.0,374.0,374.0,423.0,0.0,423.0,423.0,0.0,0.0,0.0,0.0,0.0,0.0,0,6675,6725
374.0,0.0,374.0,374.0,423.0,0.0,423.0,423.0,0.0,0.0,0.0,0.0,0.0,0.0,0,6700,6750
374.0,0.0,374.0,374.0,423.0,0.0,423.0,423.0,0.0,0.0,0.0,0.0,0.0,0.0,0,6725,6775
374.0,0.0,374.0,374.0,423.0,0.0,423.0,423.0,0.0,0.0,0.0,0.0,0.0,0.0,0,6750,6800
373.28,1.887220177933672,366.0,375.0,421.12,6.234228099773058,394.0,427.0,21.79149975506948,45.243845309885046,25.0,358.1637195473601,0.5,1118.699823039592,0,6775,6825
383.88,12.551717014018442,366.0,403.0,399.4,21.164120581777077,370.0,427.0,47.43857031943141,41.15011599070362,-12.5,383.802927946101,0.5,4640.9987255370925,0,6800,6850
396.46,5.348682080662488,378.0,403.0,383.9,6.818357573492313,370.0,396.0,34.28388389434239,21.857271218504163,-25.0,166.41908694617933,0.5,699.6558206069218,0,6825,6875
398.94,3.313065046146846,395.0,407.0,386.18,8.835587133858168,368.0,398.0,43.08417827431123,40.88861189166697,-12.5,184.45443204217133,0.5,2328.304612633684,0,6850,6900
402.62,3.8930193937354076,395.0,407.0,389.02,10.30046600887552,368.0,398.0,46.41518282276909,41.55575535986467,0.0,207.2890493972125,0.5,4663.957363563048,0,6875,6925
404.38,1.948229965892117,397.0,406.0,395.06,5.907317496122923,381.0,400.0,34.42968304103336,34.76128486828386,-28.125,155.27822811006055,1.0,2933.278536479367,0,6900,6950
400.7,3.4655446902326914,397.0,406.0,397.08,5.659823318797152,381.0,401.0,30.671526870238484,40.34857419349832,0.0,146.57549249448218,1.0,5608.235083294078,0,6925,6975
397.86,0.34698703145794946,397.0,398.0,399.52,4.138792094319308,381.0,402.0,13.882660597856459,32.41946536765719,0.0,69.87712429686843,0.0,305.3735820586059,0,6950,7000
398.0,0.0,398.0,398.0,401.04,0.27999999999999997,400.0,402.0,2.25,5.414101956926928,0.0,0.0,1.0,50.917372363060196,0,6975,7025
397.96,0.19595917942265423,397.0,398.0,401.3,0.458257569495584,401.0,402.0,2.0,4.58257569495584,3.125,58.37981778834189,3.0,41.83863943529989,0,7000,7050
397.48,0.4995998398718719,397.0,398.0,401.76,0.42708313008125237,401.0,402.0,3.5,5.612486080160912,0.0,69.87712429686843,2.0,58.40170460584958,0,7025,7075
397.02,0.14,397.0,398.0,402.1,0.41231056256176607,401.0,403.0,3.0,5.338539126015656,0.0,54.12658773652741,1.0,49.22336273823863,0,7050,7100
397.0,0.0,397.0,397.0,402.48,0.4995998398718719,402.0,403.0,4.5,6.0,0.0,0.0,2.5,81.66712854699728,0,7075,7125
397.36,0.71442284397967,397.0,399.0,402.56,0.4963869458396343,402.0,403.0,5.103553390593274,6.7696929612327255,0.0,54.12658773652741,8.5,73.13195733700698,0,7100,7150
398.82,1.3067516979135707,397.0,401.0,402.26,0.5219195340279955,401.0,403.0,5.285533905932738,8.671109002269285,-15.625,129.79099785809493,2.0,95.15198132274034,0,7125,7175
400.18,0.554616984954482,399.0,401.0,401.98,0.4237924020083418,401.0,403.0,5.389087296526011,7.6457660250900945,0.0,149.8697351035225,1.5,147.6377190864507,0,7150,7200
400.04,0.63118935352238,399.0,401.0,401.98,0.31559467676119,401.0,403.0,4.310660171779821,6.85880520815624,0.0,116.92679333668566,2.5,60.93698179601556,0,7175,7225
399.14,0.6931089380465383,398.0,400.0,402.28,0.44899888641287294,402.0,403.0,2.7071067811865475,5.492865634188935,0.0,62.5,6.0,65.7369384575499,0,7200,7250
398.0,1.019803902718557,396.0,399.0,399.38,6.743559890740202,381.0,403.0,14.04998006630392,24.6114416509164,0.0,98.82117688026186,0.5,455.36244755072687,0,7225,7275
396.58,1.0970870521521983,395.0,399.0,398.1,7.692203845452875,381.0,404.0,24.344842215557595,28.413529479802484,-3.125,118.95541444171425,2.0,2204.1252772124444,0,7250,7300
395.9,0.3,395.0,396.0,401.9,4.912229636326054,383.0,404.0,14.251968930440226,23.251481277668454,0.0,93.75,0.5,341.62758413540087,0,7275,7325
396.84,1.3169662106523463,395.0,400.0,386.4,20.120636172845032,355.0,404.0,35.02435042838701,41.2482712009794,-15.625,133.50005852058644,1.0,3964.3928144573047,0,7300,7350
397.86,1.1315476127852508,395.0,400.0,382.78,17.821660977585672,355.0,402.0,48.4590268132774,39.66859866834297,0.0,168.28640022295326,1.0,2956.7723548214917,0,7325,7375
398.16,0.5782732917920383,397.0,399.0,399.5,5.883026432033091,376.0,403.0,16.920830100356035,28.249964755993684,3.125,122.99167908846516,0.5,435.85153504192857,0,7350,7400
398.2,0.4,398.0,399.0,402.56,0.4963869458396343,402.0,403.0,4.560660171779821,6.45758304612037,0.0,112.67347735824967,2.5,88.5736806563767,0,7375,7425
398.06,0.23748684174075835,398.0,399.0,402.88,0.3249615361854384,402.0,403.0,2.5606601717798214,5.562645007967032,0.0,93.75,0.5,39.046266360403635,0,7400,7450
398.0,0.0,398.0,398.0,402.88,0.3249615361854384,402.0,403.0,1.0,3.391164991562634,0.0,0.0,4.0,40.46827643008929,0,7425,7475
398.0,0.0,398.0,398.0,402.88,0.3249615361854384,402.0,403.0,1.0,3.391164991562634,0.0,0.0,0.5,4.895964103879405,0,7450,7500
397.84,0.36660605559646714,397.0,398.0,403.04,0.19595917942265423,403.0,404.0,0.8535533905932737,3.4309541835190287,0.0,44.19417382415922,0.5,6.540234736001943,0,7475,7525
397.34,0.4737087712930805,397.0,398.0,403.04,0.19595917942265423,403.0,404.0,0.8535533905932737,3.4309541835190287,0.0,44.19417382415922,1.0,32.87929612973008,0,7500,7550
397.44,0.4963869458396343,397.0,398.0,403.26,0.4386342439892262,403.0,404.0,3.0,5.338539126015656,0.0,62.5,3.5,57.08113313007764,0,7525,7575
397.98,0.42379240200834184,397.0,399.0,403.26,0.4386342439892261,403.0,404.0,4.0,5.830951894845301,0.0,88.38834764831844,4.0,81.3992528637697,0,7550,7600
398.04,0.34409301068170506,397.0,399.0,403.0,0.0,403.0,403.0,1.5,4.06201920231798,3.125,85.52457614627505,0.5,12.588048822028354,0,7575,7625
397.92,0.2712931993250107,397.0,398.0,403.0,0.0,403.0,403.0,0.5,2.449489742783178,0.0,44.19417382415922,0.5,0.6984690923841744,0,7600,7650
397.96,0.39799497484264795,397.0,399.0,403.06,0.23748684174075835,403.0,404.0,3.5,5.612486080160912,0.0,93.75,0.5,83.17354280138274,0,7625,7675
398.32,0.5075431016179809,397.0,399.0,402.78,0.5399999999999999,402.0,404.0,4.664213562373095,7.079555907299192,-15.625,122.03515118604147,1.0,74.83144283556597,0,7650,7700
398.32,0.5075431016179808,397.0,399.0,402.68,0.46647615158762407,402.0,403.0,2.767766952966369,6.007450881535966,0.0,103.64452469860625,1.5,73.28484383762628,0,7675,7725
398.1,0.412310562561766,397.0,399.0,401.24,4.174014853830781,387.0,403.0,10.230430496842395,17.63415129370498,0.0,108.25317547305482,0.5,207.8953029302193,0,7700,7750
401.46,3.459537541348554,397.0,406.0,397.74,5.13735340423452,387.0,403.0,16.777158646122007,18.365101354548894,0.0,125.0,0.5,923.5130058645665,0,7725,7775
405.4,1.0392304845413265,401.0,406.0,397.96,3.560674093482862,387.0,400.0,7.857388321059433,12.53042093355522,-12.5,61.237243569579455,0.5,166.75540178415275,0,7750,7800
406.0,0.0,406.0,406.0,400.0,0.0,400.0,400.0,0.0,0.0,0.0,0.0,0.0,0.0,0,7775,7825
406.0,0.0,406.0,406.0,400.0,0.0,400.0,400.0,0.0,0.0,0.0,0.0,0.0,0.0,0,7800,7850
406.0,0.0,406.0,406.0,400.0,0.0,400.0,400.0,0.0,0.0,0.0,0.0,0.0,0.0,0,7825,7875
406.0,0.0,406.0,406.0,400.0,0.0,400.0,400.0,0.0,0.0,0.0,0.0,0.0,0.0,0,7850,7900
406.0,0.0,406.0,406.0,400.0,0.0,400.0,400.0,0.0,0.0,0.0,0.0,0.0,0.0,0,7875,7925
406.0,0.0,406.0,406.0,400.0,0.0,400.0,400.0,0.0,0.0,0.0,0.0,0.0,0.0,0,7900,7950
406.0,0.0,406.0,406.0,400.0,0.0,400.0,400.0,0.0,0.0,0.0,0.0,0.0,0.0,0,7925,7975
406.0,0.0,406.0,406.0,400.0,0.0,400.0,400.0,0.0,0.0,0.0,0.0,0.0,0.0,0,7950,8000
406.0,0.0,406.0,406.0,400.0,0.0,400.0,400.0,0.0,0.0,0.0,0.0,0.0,0.0,0,7975,8025
406.0,0.0,406.0,406.0,400.0,0.0,400.0,400.0,0.0,0.0,0.0,0.0,0.0,0.0,0,8000,8050
406.0,0.0,406.0,406.0,400.0,0.0,400.0,400.0,0.0,0.0,0.0,0.0,0.0,0.0,0,8025,8075
406.0,0.0,406.0,406.0,400.0,0.0,400.0,400.0,0.0,0.0,0.0,0.0,0.0,0.0,0,8050,8100
406.0,0.0,406.0,406.0,400.0,0.0,400.0,400.0,0.0,0.0,0.0,0.0,0.0,0.0,0,8075,8125
406.0,0.0,406.0,406.0,400.0,0.0,400.0,400.0,0.0,0.0,0.0,0.0,0.0,0.0,0,8100,8150
406.0,0.0,406.0,406.0,400.0,0.0,400.0,400.0,0.0,0.0,0.0,0.0,0.0,0.0,0,8125,8175
406.0,0.0,406.0,406.0,400.0,0.0,400.0,400.0,0.0,0.0,0.0,0.0,0.0,0.0,0,8150,8200
406.0,0.0,406.0,406.0,400.0,0.0,400.0,400.0,0.0,0.0,0.0,0.0,0.0,0.0,0,8175,8225
406.12,0.43081318457076034,405.0,407.0,398.5,1.8248287590894658,395.0,400.0,4.076783947341316,7.2200992130787345,0.0,112.67347735824967,0.5,157.07621130881728,0,8200,8250
406.88,0.84,405.0,408.0,396.4,1.2328828005937953,395.0,400.0,6.283890728527864,7.778992049868771,-3.125,134.375,6.5,89.76813757735873,0,8225,8275
407.6,0.4898979485566357,407.0,408.0,396.06,0.5063595560468865,395.0,397.0,2.414213562373095,5.627750249900382,0.0,62.5,0.5,32.61532797778152,0,8250,8300
407.5,0.5,407.0,408.0,396.76,0.6183849933496123,396.0,398.0,3.621320343559643,6.5678032072620045,3.125,110.44123154420183,4.5,64.27315210114534,0,8275,8325
407.16,0.36660605559646725,407.0,408.0,397.6,0.4898979485566357,397.0,398.0,2.914213562373095,5.9377907771224745,0.0,93.75,0.5,98.52245316638624,0,8300,8350
407.0,0.0,407.0,407.0,398.3,0.458257569495584,398.0,399.0,0.5,2.449489742783178,0.0,0.0,1.0,14.861092972636511,0,8325,8375
407.0,0.0,407.0,407.0,398.8,0.4,398.0,399.0,0.5,2.449489742783178,0.0,0.0,0.5,3.594216588222875,0,8350,8400
407.0,0.0,407.0,407.0,399.0,0.0,399.0,399.0,0.0,0.0,0.0,0.0,0.0,0.0,0,8375,8425
407.0,0.0,407.0,407.0,399.0,0.0,399.0,399.0,0.0,0.0,0.0,0.0,0.0,0.0,0,8400,8450
407.0,0.0,407.0,407.0,399.0,0.0,399.0,399.0,0.0,0.0,0.0,0.0,0.0,0.0,0,8425,8475
407.0,0.0,407.0,407.0,399.0,0.0,399.0,399.0,0.0,0.0,0.0,0.0,0.0,0.0,0,8450,8500
